division_name,district_name,block_name,panchayat_name
Purnia,Araria,Araria,Bansbari
Purnia,Araria,Araria,Basantpur
Purnia,Araria,Araria,Belwa
Purnia,Araria,Araria,Gaira
Purnia,Araria,Araria,Gaiyari
Purnia,Araria,Araria,Hariya
Purnia,Araria,Araria,Jhamta
Purnia,Araria,Araria,Madanpur (E)
Purnia,Araria,Araria,Rampur Kodarkatti
Purnia,Araria,Araria,Rampur Mohanpur (E)
Purnia,Araria,Bhargama,Birnagar (E)
Purnia,Araria,Bhargama,Haripur Kala
Purnia,Araria,Bhargama,Jainagar
Purnia,Araria,Bhargama,Kushmaul
Purnia,Araria,Bhargama,Naya Bhargama
Purnia,Araria,Bhargama,Paikpar
Purnia,Araria,Bhargama,Raghunathpur (N)
Purnia,Araria,Bhargama,Raghunathpur (S)
Purnia,Araria,Bhargama,Rampur Aadi
Purnia,Araria,Bhargama,Simarbani
Purnia,Araria,Bhargama,Sirsiya Hanumanganj
Purnia,Araria,Bhargama,Sirsiya Kala
Purnia,Araria,Bhargama,Vishaharia
Purnia,Araria,Forbesganj,Amhara
Purnia,Araria,Forbesganj,Aurahi (W)
Purnia,Araria,Forbesganj,Bhagkohalia
Purnia,Araria,Forbesganj,Bokra
Purnia,Araria,Forbesganj,Halhalia
Purnia,Araria,Forbesganj,Haripur
Purnia,Araria,Forbesganj,Jhirwa Pachhiari (West)
Purnia,Araria,Forbesganj,Jhirwa Purwari (East)
Purnia,Araria,Forbesganj,Khawaspur
Purnia,Araria,Forbesganj,Kirkichia
Purnia,Araria,Forbesganj,Majhua
Purnia,Araria,Forbesganj,Musahari
Purnia,Araria,Forbesganj,Pipra
Purnia,Araria,Forbesganj,Rahikpur Thila Mohan
Purnia,Araria,Jokihat,Bara Istambarar
Purnia,Araria,Jokihat,Chilhaniyan
Purnia,Araria,Jokihat,Dubba
Purnia,Araria,Narpatganj,Anchara
Purnia,Araria,Narpatganj,Babuaan
Purnia,Araria,Narpatganj,Barhara
Purnia,Araria,Narpatganj,Barhepara
Purnia,Araria,Narpatganj,Basmatiya
Purnia,Araria,Narpatganj,Bela
Purnia,Araria,Narpatganj,Dargahiganj
Purnia,Araria,Narpatganj,Fatehpur
Purnia,Araria,Narpatganj,Gokhlapur
Purnia,Araria,Narpatganj,Gorraha Vishanpur
Purnia,Araria,Narpatganj,Manikpur
Purnia,Araria,Narpatganj,Mirdaul
Purnia,Araria,Narpatganj,Nathpur
Purnia,Araria,Narpatganj,Palasi
Purnia,Araria,Narpatganj,Pithoura
Purnia,Araria,Narpatganj,Posdaha
Purnia,Araria,Narpatganj,Ramghat Koshkapur
Purnia,Araria,Narpatganj,Rewahi
Purnia,Araria,Narpatganj,Tamganj
Purnia,Araria,Palasi,Balua Kaliyaganj
Purnia,Araria,Palasi,Dehti (S)
Purnia,Araria,Palasi,Dighli
Purnia,Araria,Palasi,Kujri
Purnia,Araria,Raniganj,Belsara
Purnia,Araria,Raniganj,Bounsi
Purnia,Araria,Raniganj,Chhatiaouna
Purnia,Araria,Raniganj,Ghaghri
Purnia,Araria,Raniganj,Koshkapur (N)
Purnia,Araria,Sikti,Bokantari
Purnia,Araria,Sikti,Kuchaha
Purnia,Araria,Sikti,Thengapur Pipra
Magadh,Arwal,Sonbhadra Banshi Surya,Sonbhdra
Magadh,Arwal,Arwal,Basilpur
Magadh,Aurangabad,Barun,Pipara
Magadh,Aurangabad,Deo,Kharkani
Magadh,Aurangabad,Deo,Hasauli
Magadh,Aurangabad,Deo,Basdiha
Magadh,Aurangabad,Deo,Sargawan
Magadh,Aurangabad,Deo,Bedhna
Magadh,Aurangabad,Deo,Baranda Rampur
Magadh,Aurangabad,Deo,Banua
Magadh,Aurangabad,Deo,Dularey
Magadh,Aurangabad,Deo,Bedhni
Magadh,Aurangabad,Haspura,Purhara
Magadh,Aurangabad,Kutumba,Bharondha
Magadh,Aurangabad,Kutumba,Karmabasantpur
Magadh,Aurangabad,Kutumba,Dumara
Magadh,Aurangabad,Kutumba,Gheura
Magadh,Aurangabad,Kutumba,Amba
Magadh,Aurangabad,Kutumba,Dadhpa
Magadh,Aurangabad,Kutumba,Suhi
Magadh,Aurangabad,Kutumba,Pipra Bagahi
Magadh,Aurangabad,Kutumba,Matpa
Magadh,Aurangabad,Kutumba,Sanda
Magadh,Aurangabad,Kutumba,Baliya
Magadh,Aurangabad,Kutumba,Parta
Magadh,Aurangabad,Kutumba,Dumri
Magadh,Aurangabad,Madanpur,War
Magadh,Aurangabad,Madanpur,Manika
Magadh,Aurangabad,Madanpur,Nima Aanjan
Magadh,Aurangabad,Madanpur,Ghatrain
Magadh,Aurangabad,Nabinagar,Mahuaon
Magadh,Aurangabad,Nabinagar,Sonoura
Magadh,Aurangabad,Nabinagar,Rajpur
Magadh,Aurangabad,Nabinagar,Kanker
Magadh,Aurangabad,Nabinagar,Jaihind Tendua
Magadh,Aurangabad,Nabinagar,Rampur
Magadh,Aurangabad,Nabinagar,Naoor
Magadh,Aurangabad,Nabinagar,Thengo
Magadh,Aurangabad,Nabinagar,Basdiha
Magadh,Aurangabad,Nabinagar,Mungiya
Magadh,Aurangabad,Nabinagar,Khajuri Pandoo
Magadh,Aurangabad,Nabinagar,Tandwa
Magadh,Aurangabad,Nabinagar,Harihar Urdana
Magadh,Aurangabad,Obra,Dihra
Magadh,Aurangabad,Obra,Kanchanpur
Magadh,Aurangabad,Obra,Oob
Magadh,Aurangabad,Rafiganj,Lohra
Magadh,Aurangabad,Rafiganj,Arthua
Magadh,Aurangabad,Rafiganj,Baghaura
Bhagalpur,Banka,Banka,Dudhari
Bhagalpur,Banka,Banka,Bahera
Bhagalpur,Banka,Banka,South Kataili
Bhagalpur,Banka,Banka,Chhatarpal
Bhagalpur,Banka,Banka,Lodham
Bhagalpur,Banka,Banka,Kakwara
Bhagalpur,Banka,Banka,Jamua
Bhagalpur,Banka,Banka,Domohan
Bhagalpur,Banka,Banka,Lakrikola
Bhagalpur,Banka,Banka,Lakhnauri
Bhagalpur,Banka,Banka,Telia
Bhagalpur,Banka,Barahat,Khariyara
Bhagalpur,Banka,Bounsi,Chilkara
Bhagalpur,Banka,Belhar,Ranga
Bhagalpur,Banka,Belhar,Rajpur
Bhagalpur,Banka,Belhar,Nimiya
Bhagalpur,Banka,Belhar,Raghunathpur
Bhagalpur,Banka,Belhar,Basmatta
Bhagalpur,Banka,Chanan,East Katsakra
Bhagalpur,Banka,Chanan,Asura
Bhagalpur,Banka,Chanan,Kusum Jori
Bhagalpur,Banka,Katoriya,Mothawari
Bhagalpur,Banka,Katoriya,Barwasni
Bhagalpur,Banka,Katoriya,Katiyari
Bhagalpur,Banka,Katoriya,Lakrama
Bhagalpur,Banka,Fullidumar,Khesar
Bhagalpur,Banka,Fullidumar,South Kojhi
Bhagalpur,Banka,Rajaun,Orhara
Bhagalpur,Banka,Shambhuganj,Chatrahar
Munger,Begusarai,Bachhwara,Chiranjivipur
Munger,Begusarai,Bachhwara,Chamtha - 2
Munger,Begusarai,Bachhwara,Chamtha - 3
Munger,Begusarai,Bachhwara,Bishanpur
Munger,Begusarai,Bachhwara,Dadupur
Munger,Begusarai,Bachhwara,Rani - 2
Munger,Begusarai,Bachhwara,Bachhwara
Munger,Begusarai,Bachhwara,Bhikhamchak
Munger,Begusarai,Bachhwara,Araba
Munger,Begusarai,Bachhwara,Rudauli
Munger,Begusarai,Bachhwara,Godhna
Munger,Begusarai,Balia,Bariarpur
Munger,Begusarai,Balia,Manserpur
Munger,Begusarai,Balia,Paharpur
Munger,Begusarai,Balia,Bhawanandpur
Munger,Begusarai,Balia,Tajpur
Munger,Begusarai,Barauni,Malhipur (South)
Munger,Begusarai,Barauni,Papraur
Munger,Begusarai,Barauni,Simaria- 1
Munger,Begusarai,Barauni,Simaria- 2
Munger,Begusarai,Barauni,Peepra Dewas
Munger,Begusarai,Barauni,Noorpur
Munger,Begusarai,Barauni,Mahna
Munger,Begusarai,Barauni,Bathauli
Munger,Begusarai,Barauni,Mosadpur
Munger,Begusarai,Barauni,Amarpur
Munger,Begusarai,Begusarai,Laduwara
Munger,Begusarai,Begusarai,Bhairwar
Munger,Begusarai,Begusarai,Chilmil
Munger,Begusarai,Begusarai,Lakho
Munger,Begusarai,Begusarai,Dhabauli
Munger,Begusarai,Begusarai,Hebatpur
Munger,Begusarai,Begusarai,Jinedpur
Munger,Begusarai,Begusarai,Rajaura
Munger,Begusarai,Begusarai,Ajhaur
Munger,Begusarai,Begusarai,Amraur Kiratpur
Munger,Begusarai,Begusarai,Khamhar
Munger,Begusarai,Begusarai,Rachiyahi
Munger,Begusarai,Bhagwanpur,Banwaripur
Munger,Begusarai,Bhagwanpur,Kaji Rasalpur
Munger,Begusarai,Bhagwanpur,Maheshpur
Munger,Begusarai,Bhagwanpur,Chandaur
Munger,Begusarai,Bhagwanpur,Kiratpur
Munger,Begusarai,Birpur,Genharpur
Munger,Begusarai,Birpur,Birpur (East)
Munger,Begusarai,Birpur,Deehpar
Munger,Begusarai,Cheria Bariarpur,Pabra
Munger,Begusarai,Cheria Bariarpur,Sripur
Munger,Begusarai,Cheria Bariarpur,Bikarampur
Munger,Begusarai,Cheria Bariarpur,Basahi
Munger,Begusarai,Cheria Bariarpur,Gopalpur
Munger,Begusarai,Cheria Bariarpur,Manjhaul- 1
Munger,Begusarai,Chhaurhi,Shahpur
Munger,Begusarai,Dandari,Rajopur
Munger,Begusarai,Dandari,Katahari
Munger,Begusarai,Garhpura,Dunahi
Munger,Begusarai,Garhpura,Rajaur
Munger,Begusarai,Mansurchak,Bahrampur
Munger,Begusarai,Mansurchak,Mansoorchak
Munger,Begusarai,Mansurchak,Govindpur- 2
Munger,Begusarai,Matihani,Matihani- 1
Munger,Begusarai,Matihani,Matihani- 2
Munger,Begusarai,Matihani,Sihma
Munger,Begusarai,Matihani,Khorampur
Munger,Begusarai,Matihani,Ramdiri- 1
Munger,Begusarai,Matihani,Ramdiri- 2
Munger,Begusarai,Matihani,Ramdiri- 3
Munger,Begusarai,Matihani,Ramdiri- 4
Munger,Begusarai,Matihani,Balahpur- 1
Munger,Begusarai,Matihani,Balahpur- 2
Munger,Begusarai,Matihani,G P Maniappa
Munger,Begusarai,Matihani,Dariapur
Munger,Begusarai,Nawkothi,Pahsara (West)
Munger,Begusarai,Nawkothi,Maheshwara
Munger,Begusarai,Nawkothi,Hasanpur Bagar
Munger,Begusarai,Nawkothi,Dafarpur
Munger,Begusarai,Sahebpur Kamal,Raghunathpur Barari
Munger,Begusarai,Sahebpur Kamal,Sanha (North)
Munger,Begusarai,Sahebpur Kamal,Sandalpur
Munger,Begusarai,Teghra,Pakthaul
Munger,Begusarai,Teghra,Raatgaon
Munger,Begusarai,Teghra,Barauni- 3
Munger,Begusarai,Teghra,Nipania Madhurapur
Munger,Begusarai,Teghra,Gaura- 1
Munger,Begusarai,Teghra,Gaura- 2
Munger,Begusarai,Teghra,Aadharpur
Bhagalpur,Bhagalpur,Bihpur,Bihpur Jamalpur
Bhagalpur,Bhagalpur,Bihpur,Bihpur Middle
Bhagalpur,Bhagalpur,Bihpur,Bihpur South
Bhagalpur,Bhagalpur,Kahalgaon,Kodwar
Bhagalpur,Bhagalpur,Kahalgaon,Ghogha
Bhagalpur,Bhagalpur,Kahalgaon,Janidih
Bhagalpur,Bhagalpur,Kahalgaon,Pakkisarai
Bhagalpur,Bhagalpur,Kahalgaon,Birbanna
Bhagalpur,Bhagalpur,Kahalgaon,Ekdara
Bhagalpur,Bhagalpur,Kahalgaon,Krisndaspur
Bhagalpur,Bhagalpur,Kahalgaon,Oriap
Bhagalpur,Bhagalpur,Kahalgaon,Shyampur
Bhagalpur,Bhagalpur,Kahalgaon,Ramjanipur
Bhagalpur,Bhagalpur,Gopalpur,Gosai Gaown
Bhagalpur,Bhagalpur,Gopalpur,Dumaria Chaparghat
Bhagalpur,Bhagalpur,Ismailpur,Kamlakund
Bhagalpur,Bhagalpur,Ismailpur,Parvatta
Bhagalpur,Bhagalpur,Jagdishpur,Sonuchak-Puraini
Bhagalpur,Bhagalpur,Jagdishpur,Purani South
Bhagalpur,Bhagalpur,Jagdishpur,Purani North
Bhagalpur,Bhagalpur,Jagdishpur,Baijani
Bhagalpur,Bhagalpur,Jagdishpur,Khiribandh
Bhagalpur,Bhagalpur,Jagdishpur,Shajangi
Bhagalpur,Bhagalpur,Kharik,Bhavanpura
Bhagalpur,Bhagalpur,Kharik,Lokmanpur
Bhagalpur,Bhagalpur,Kharik,Tulsipur
Bhagalpur,Bhagalpur,Kharik,Dhruvganj
Bhagalpur,Bhagalpur,Kharik,Telghi
Bhagalpur,Bhagalpur,Kharik,K Bazar
Bhagalpur,Bhagalpur,Kharik,Khairpur
Bhagalpur,Bhagalpur,Narayanpur,Nagarpara North
Bhagalpur,Bhagalpur,Narayanpur,Nagarpara South
Bhagalpur,Bhagalpur,Narayanpur,Singhpur East
Bhagalpur,Bhagalpur,Narayanpur,Jaipurchuhar East
Bhagalpur,Bhagalpur,Narayanpur,Baikathpur Dudhaaila
Bhagalpur,Bhagalpur,Narayanpur,Shahjadpur
Bhagalpur,Bhagalpur,Nathnagar,Bishanrampur
Bhagalpur,Bhagalpur,Nathnagar,Rannuchak - Makandpur
Bhagalpur,Bhagalpur,Nathnagar,Shankarpur
Bhagalpur,Bhagalpur,Nathnagar,Rattipur Baria
Bhagalpur,Bhagalpur,Nathnagar,Raghopur
Bhagalpur,Bhagalpur,Naugachhia,Khairpur Kadwa
Bhagalpur,Bhagalpur,Naugachhia,Kadwa Diara
Bhagalpur,Bhagalpur,Naugachhia,Punama Pratapnagar
Bhagalpur,Bhagalpur,Naugachhia,Yamunia
Bhagalpur,Bhagalpur,Pirpainti,Ranidiyara
Bhagalpur,Bhagalpur,Pirpainti,Mohanpur
Bhagalpur,Bhagalpur,Pirpainti,Khawaspur
Bhagalpur,Bhagalpur,Pirpainti,Srimatpur Gopalichak
Bhagalpur,Bhagalpur,Pirpainti,Harin Kol
Bhagalpur,Bhagalpur,Pirpainti,Roshanpur
Bhagalpur,Bhagalpur,Pirpainti,Pirpainti
Bhagalpur,Bhagalpur,Pirpainti,Prasurampur
Bhagalpur,Bhagalpur,Pirpainti,Mohanpur Madhuban
Bhagalpur,Bhagalpur,Pirpainti,Bakharpur East
Bhagalpur,Bhagalpur,Pirpainti,Bakharpur West
Bhagalpur,Bhagalpur,Pirpainti,Babupur
Bhagalpur,Bhagalpur,Pirpainti,Salempur
Bhagalpur,Bhagalpur,Rangra Chowk,Tintanga Diara (North)
Bhagalpur,Bhagalpur,Rangra Chowk,Tintanga Diara (South)
Bhagalpur,Bhagalpur,Sabour,Khankita
Bhagalpur,Bhagalpur,Sabour,Barari
Bhagalpur,Bhagalpur,Shahkund,Saroni
Bhagalpur,Bhagalpur,Shahkund,Pairdomaniyahal
Bhagalpur,Bhagalpur,Sonhaula,Amdiha
Bhagalpur,Bhagalpur,Sultanganj,Kamarganj
Bhagalpur,Bhagalpur,Sultanganj,Nayagaon
Patna,Bhojpur,Agiaon,Nanaur
Patna,Bhojpur,Arrah,Sundarpur Barja
Patna,Bhojpur,Arrah,Bghipakar(Pcht)
Patna,Bhojpur,Arrah,Khajuria
Patna,Bhojpur,Arrah,Madumpur Dumra
Patna,Bhojpur,Arrah,Daulatpur
Patna,Bhojpur,Arrah,Bhakura
Patna,Bhojpur,Arrah,Khawaspur
Patna,Bhojpur,Barhara,Pachhmi Gundi
Patna,Bhojpur,Barhara,Naknam Tola
Patna,Bhojpur,Barhara,Barhara
Patna,Bhojpur,Barhara,Pachhmi Babura
Patna,Bhojpur,Behea,Kalyanpur
Patna,Bhojpur,Behea,Ghagha
Patna,Bhojpur,Behea,Pipara Jagdishpur (P)
Patna,Bhojpur,Garhani,Baligaon
Patna,Bhojpur,Jagdishpur,Uttanwri Jangalmahal
Patna,Bhojpur,Jagdishpur,West Ayar
Patna,Bhojpur,Jagdishpur,Bemawa
Patna,Bhojpur,Jagdishpur,Kaura
Patna,Bhojpur,Koilwar,Daulatpur
Patna,Bhojpur,Koilwar,Narbirpur
Patna,Bhojpur,Koilwar,Khangaon
Patna,Bhojpur,Koilwar,Jokta
Patna,Bhojpur,Piro,Jitaura Jangalmahal
Patna,Bhojpur,Sahar,Chauri
Patna,Bhojpur,Sahar,Kaulo Dihri
Patna,Bhojpur,Sahar,Kharawan Chaturbhuj
Patna,Bhojpur,Sandesh,Akhgaon
Patna,Bhojpur,Sandesh,Khandol
Patna,Bhojpur,Shahpur,Laloo Ka Dera
Patna,Bhojpur,Shahpur,Iswarpura
Patna,Bhojpur,Shahpur,Khutha
Patna,Bhojpur,Shahpur,Deomangalpur Bhadauri
Patna,Bhojpur,Shahpur,Shgoli
Patna,Bhojpur,Shahpur,Damodarpur
Patna,Bhojpur,Shahpur,Bohanpur
Patna,Bhojpur,Shahpur,Samaria
Patna,Bhojpur,Shahpur,Lachhutola Barsingha
Patna,Bhojpur,Shahpur,Dumari
Patna,Bhojpur,Tarari,Karath
Patna,Bhojpur,Udwant Nagar,Karisath
Patna,Bhojpur,Udwant Nagar,Nawada Ven
Patna,Buxar,Brahampur,Bairia
Patna,Buxar,Brahampur,Harnathpur
Patna,Buxar,Brahampur,Mahuar
Patna,Buxar,Brahampur,South Nainijor
Patna,Buxar,Buxar,Pandeypatti
Patna,Buxar,Buxar,Ahirauli
Patna,Buxar,Buxar,Churamanpur
Patna,Buxar,Buxar,Khutahan
Patna,Buxar,Buxar,Sonbarsa
Patna,Buxar,Chakki,Jawahi Diar
Patna,Buxar,Chaugain,Chaugain
Patna,Buxar,Dumraon,Chilhari
Patna,Buxar,Dumraon,Mathila
Patna,Buxar,Dumraon,Mugaon
Patna,Buxar,Dumraon,Chhatanwar
Patna,Buxar,Dumraon,Nuaon
Patna,Buxar,Itadhi,Bikram English
Patna,Buxar,Nawanagar,Athar
Patna,Buxar,Nawanagar,Baraon
Patna,Buxar,Rajpur,Nagpur
Patna,Buxar,Simri,Keshopur
Patna,Buxar,Simri,Balihar
Patna,Buxar,Simri,Majhwari
Patna,Buxar,Simri,Gayghat
Patna,Buxar,Simri,Sahiyar
Patna,Buxar,Simri,Rajapur
Patna,Buxar,Simri,Gangauli
Patna,Buxar,Simri,Dumri
Darbhanga,Darbhanga,Bahadurpur,Ughara
Darbhanga,Darbhanga,Baheri,Gangdah Shivram
Darbhanga,Darbhanga,Benipur,Sajjanpura
Darbhanga,Darbhanga,Biraul,Dumri
Darbhanga,Darbhanga,Biraul,Parri
Darbhanga,Darbhanga,Gora Bauram,Nadai
Darbhanga,Darbhanga,Hanumannagar,Narsara
Darbhanga,Darbhanga,Hanumannagar,Thalwara
Darbhanga,Darbhanga,Hayaghat,Rasulpur
Darbhanga,Darbhanga,Jale,Jale East
Darbhanga,Darbhanga,Jale,Jogiyara
Darbhanga,Darbhanga,Keoti Runway,Jalwara
Darbhanga,Darbhanga,Kiratpur,Khaisa Jamalpur
Darbhanga,Darbhanga,Kiratpur,Jhagarua Tarwara
Darbhanga,Darbhanga,Manigachhi,Gangauli Kanakpur
Darbhanga,Darbhanga,Manigachhi,Nehra East
Darbhanga,Darbhanga,Tardih,Lagma
Tirhut,Purbi Champaran,Areraj,Chatia Chintamanpur
Tirhut,Purbi Champaran,Areraj,Mamarkhatola Bhaiya
Tirhut,Purbi Champaran,Areraj,Babhnauli
Tirhut,Purbi Champaran,Chakia,Bishunpura
Tirhut,Purbi Champaran,Banjariya,East Panchrukha
Tirhut,Purbi Champaran,Banjariya,Madhya Panchrukha
Tirhut,Purbi Champaran,Banjariya,East Siswa
Tirhut,Purbi Champaran,Bankatwa,Jhanjhara
Tirhut,Purbi Champaran,Chirariya,Madhopur
Tirhut,Purbi Champaran,Chirariya,Raghopur
Tirhut,Purbi Champaran,Dhaka,Gurhanwa
Tirhut,Purbi Champaran,Dhaka,Chandan Bara
Tirhut,Purbi Champaran,Dhaka,Parari
Tirhut,Purbi Champaran,Dhaka,Jhitkahi
Tirhut,Purbi Champaran,Ghorasahan,Bishunpur
Tirhut,Purbi Champaran,Ghorasahan,Jharokhar
Tirhut,Purbi Champaran,Harsidhi,Harsidhi Pakariya
Tirhut,Purbi Champaran,Harsidhi,Gayghat
Tirhut,Purbi Champaran,Kalyanpur,Rajpur
Tirhut,Purbi Champaran,Kalyanpur,Shambhu Cahk
Tirhut,Purbi Champaran,Kalyanpur,North Gawabdra
Tirhut,Purbi Champaran,Kesaria,South Husseni
Tirhut,Purbi Champaran,Kesaria,Bairia
Tirhut,Purbi Champaran,Kesaria,Mathia
Tirhut,Purbi Champaran,Kotwa,Jasauli Patti
Tirhut,Purbi Champaran,Madhuban,Naurangiya Madhopur
Tirhut,Purbi Champaran,Madhuban,Madhuban North
Tirhut,Purbi Champaran,Madhuban,Koilahra
Tirhut,Purbi Champaran,Madhuban,Krishna Nagar
Tirhut,Purbi Champaran,Paharpur,Nauwadih
Tirhut,Purbi Champaran,Paharpur,Enarwabhar
Tirhut,Purbi Champaran,Paharpur,Purbi Siswa
Tirhut,Purbi Champaran,Paharpur,Kamal Pipara
Tirhut,Purbi Champaran,Pakri Dayal,Sundar Patti
Tirhut,Purbi Champaran,Pakri Dayal,Chorma
Tirhut,Purbi Champaran,Patahi,Gonahi
Tirhut,Purbi Champaran,Phenhara/Fenhara,Mankarwa
Tirhut,Purbi Champaran,Phenhara/Fenhara,Fenhara
Tirhut,Purbi Champaran,Phenhara/Fenhara,Bara Parsauni
Tirhut,Purbi Champaran,Piprakothi,Surujpur
Tirhut,Purbi Champaran,Sugauli,Sukul Pakar
Tirhut,Purbi Champaran,Sugauli,South Sri Pur
Tirhut,Purbi Champaran,Sugauli,Bhargawan
Tirhut,Purbi Champaran,Tetaria,Naraha Pana Pur
Tirhut,Purbi Champaran,Sangrampur,Purbi Madhubani
Tirhut,Purbi Champaran,Sangrampur,Dakshini Bhawani Pur
Tirhut,Purbi Champaran,Turkaulia,Mathurapur
Magadh,Gaya,Amas,Jhari
Magadh,Gaya,Amas,Sanw Kala
Magadh,Gaya,Atri,Sirh
Magadh,Gaya,Banke Bazar,Lutua
Magadh,Gaya,Banke Bazar,Barheta
Magadh,Gaya,Banke Bazar,Goitha
Magadh,Gaya,Banke Bazar,Tandwa
Magadh,Gaya,Banke Bazar,Pananiya
Magadh,Gaya,Banke Bazar,Parsawan Khurd
Magadh,Gaya,Barachatti,Binda
Magadh,Gaya,Barachatti,Sarwan
Magadh,Gaya,Barachatti,Bajarkar
Magadh,Gaya,Barachatti,Bibipesra
Magadh,Gaya,Barachatti,Rohi
Magadh,Gaya,Barachatti,Bara
Magadh,Gaya,Barachatti,Kahudag
Magadh,Gaya,Barachatti,Bumer
Magadh,Gaya,Belaganj,Bhalua Ii
Magadh,Gaya,Bodh Gaya,Itra
Magadh,Gaya,Bodh Gaya,Mora Mardana
Magadh,Gaya,Bodh Gaya,Bara
Magadh,Gaya,Bodh Gaya,Moratal
Magadh,Gaya,Bodh Gaya,Gafa Khurd
Magadh,Gaya,Dobhi,Bari
Magadh,Gaya,Dobhi,Neema
Magadh,Gaya,Dobhi,Bajaura
Magadh,Gaya,Dobhi,Angra
Magadh,Gaya,Dobhi,Patti
Magadh,Gaya,Dobhi,Kurmawa
Magadh,Gaya,Dobhi,Kharanti
Magadh,Gaya,Dobhi,Nadarpur
Magadh,Gaya,Dumaria,Chhakarbandha
Magadh,Gaya,Dumaria,Kolhubar
Magadh,Gaya,Dumaria,Manjhauli
Magadh,Gaya,Dumaria,Mahudi
Magadh,Gaya,Dumaria,Bhangiya
Magadh,Gaya,Dumaria,Bhokaha
Magadh,Gaya,Dumaria,Nandai
Magadh,Gaya,Fatehpur,Charo
Magadh,Gaya,Fatehpur,Dharhara Kala
Magadh,Gaya,Fatehpur,Morhe
Magadh,Gaya,Fatehpur,Mataso
Magadh,Gaya,Fatehpur,Nagwa
Magadh,Gaya,Gaya Town CD Block,Aurwan
Magadh,Gaya,Gaya Town CD Block,Dhansir
Magadh,Gaya,Guraru,Gudru
Magadh,Gaya,Guraru,Konchi
Magadh,Gaya,Guraru,Barorah
Magadh,Gaya,Guraru,Malpa
Magadh,Gaya,Guraru,Tilori
Magadh,Gaya,Guraru,Diha
Magadh,Gaya,Guraru,Ghatera
Magadh,Gaya,Guraru,Pahra
Magadh,Gaya,Gurua,Nagwan
Magadh,Gaya,Gurua,Manda
Magadh,Gaya,Imamganj,Kujesar
Magadh,Gaya,Imamganj,Nagwa
Magadh,Gaya,Imamganj,Naudiha
Magadh,Gaya,Imamganj,Lawabar
Magadh,Gaya,Imamganj,Manjhauli
Magadh,Gaya,Manpur,Sohaipur
Magadh,Gaya,Mohanpur,Teshbar
Magadh,Gaya,Mohanpur,Erki
Magadh,Gaya,Mohanpur,Lakhaipur
Magadh,Gaya,Mohanpur,Siriawan
Magadh,Gaya,Mohanpur,Khardih
Magadh,Gaya,Mohanpur,Musaila
Magadh,Gaya,Mohanpur,Sinduar
Magadh,Gaya,Mohanpur,Gopal Keda
Magadh,Gaya,Muhra,Gahlaur
Magadh,Gaya,Muhra,Tetar
Magadh,Gaya,Muhra,Sarsu
Magadh,Gaya,Neemchak Bathani,Maniara
Magadh,Gaya,Neemchak Bathani,Saren
Magadh,Gaya,Neemchak Bathani,Telari
Magadh,Gaya,Sherghati,Bela
Magadh,Gaya,Tan Kuppa,Bhetaura
Magadh,Gaya,Tan Kuppa,Basa Pipra
Magadh,Gaya,Tikari,Law
Saran,Gopalganj,Baikunthpur,Hakam
Saran,Gopalganj,Baikunthpur,Rewtit
Saran,Gopalganj,Baikunthpur,Khaira Ajam
Saran,Gopalganj,Baikunthpur,Darambari
Saran,Gopalganj,Baikunthpur,Hamidpur
Saran,Gopalganj,Baikunthpur,Bakhari
Saran,Gopalganj,Baikunthpur,Dighwadubauli South
Saran,Gopalganj,Barauli,Rampur
Saran,Gopalganj,Barauli,Kalyanpur
Saran,Gopalganj,Barauli,Madhopur
Saran,Gopalganj,Barauli,Bishunpura
Saran,Gopalganj,Barauli,Larauli
Saran,Gopalganj,Barauli,Salempur East
Saran,Gopalganj,Bhorey,Gopalpur
Saran,Gopalganj,Bhorey,Rakba
Saran,Gopalganj,Bhorey,Jaghtauli
Saran,Gopalganj,Gopalganj,Babu Bishunpur Pasch
Saran,Gopalganj,Hathua,Ekdangaa
Saran,Gopalganj,Hathua,Panchfera
Saran,Gopalganj,Kataiya,Bairiya
Saran,Gopalganj,Kuchaikote,Dhodwaliya
Saran,Gopalganj,Kuchaikote,Bhopatpur
Saran,Gopalganj,Kuchaikote,Siresiya
Saran,Gopalganj,Kuchaikote,Rampurmadho
Saran,Gopalganj,Manjha,Pratappur
Saran,Gopalganj,Manjha,Shekh Parsa
Saran,Gopalganj,Manjha,Bathua
Saran,Gopalganj,Manjha,Sipahkhas
Saran,Gopalganj,Phulwaria,Churamnchak
Saran,Gopalganj,Phulwaria,Koyladewa
Saran,Gopalganj,Phulwaria,Karariyaa
Saran,Gopalganj,Phulwaria,Majhagosai
Saran,Gopalganj,Uchkagaon,Trilokpur
Munger,Jamui,Barhat,Barhat
Munger,Jamui,Barhat,Mallehpur
Munger,Jamui,Barhat,Noomar
Munger,Jamui,Barhat,Daha
Munger,Jamui,Barhat,Guguldih
Munger,Jamui,Chakai,Bongi
Munger,Jamui,Chakai,Chophla
Munger,Jamui,Chakai,Ramsinghdih
Munger,Jamui,Chakai,Ghutwe
Munger,Jamui,Chakai,Dadhwa
Munger,Jamui,Chakai,Kiyajori
Munger,Jamui,Chakai,Dulampur
Munger,Jamui,Gidhour,Moura
Munger,Jamui,Gidhour,Gangra
Munger,Jamui,Gidhour,Kolhua
Munger,Jamui,Islamnagar Aliganj,Kaitha
Munger,Jamui,Islamnagar Aliganj,Kolhana
Munger,Jamui,Islamnagar Aliganj,Islam Nagar
Munger,Jamui,Islamnagar Aliganj,Kodwaria
Munger,Jamui,Islamnagar Aliganj,Din Nagar
Munger,Jamui,Islamnagar Aliganj,Aliganj
Munger,Jamui,Islamnagar Aliganj,Kaiyar
Munger,Jamui,Islamnagar Aliganj,Darakha
Munger,Jamui,Islamnagar Aliganj,Pursanda
Munger,Jamui,Jamui,Majhwe
Munger,Jamui,Jamui,Kakan
Munger,Jamui,Jamui,Lakhanpur
Munger,Jamui,Jamui,Kundri Sonkurha
Munger,Jamui,Jamui,Arsar
Munger,Jamui,Jamui,Chordiha
Munger,Jamui,Jamui,Agahara Baruwatta
Munger,Jamui,Jamui,Thegua
Munger,Jamui,Jamui,Garsanda
Munger,Jamui,Jhajha,Keshopur
Munger,Jamui,Jhajha,Kanan
Munger,Jamui,Jhajha,Jamukhaireya
Munger,Jamui,Jhajha,Hathiya
Munger,Jamui,Jhajha,Baijla
Munger,Jamui,Jhajha,Barajor
Munger,Jamui,Jhajha,Mahapur
Munger,Jamui,Jhajha,Chain
Munger,Jamui,Jhajha,Baliyadih
Munger,Jamui,Jhajha,Barakola
Munger,Jamui,Jhajha,Pairgaha
Munger,Jamui,Jhajha,Karma
Munger,Jamui,Jhajha,Borwa
Munger,Jamui,Jhajha,Karhara
Munger,Jamui,Jhajha,Khuranda
Munger,Jamui,Jhajha,Tailwa
Munger,Jamui,Khaira,Mangobandar
Munger,Jamui,Khaira,Banpur
Munger,Jamui,Khaira,Harkhar
Munger,Jamui,Khaira,Arnawabank
Munger,Jamui,Khaira,Harni
Munger,Jamui,Khaira,Dabil
Munger,Jamui,Khaira,Bela
Munger,Jamui,Khaira,Kageswar
Munger,Jamui,Khaira,Raipura
Munger,Jamui,Khaira,Gopalpur
Munger,Jamui,Khaira,Goli
Munger,Jamui,Khaira,Chuan
Munger,Jamui,Khaira,Bhimain
Munger,Jamui,Laxmipur,Matia
Munger,Jamui,Laxmipur,Goura
Munger,Jamui,Laxmipur,Maraiya
Munger,Jamui,Laxmipur,Harla
Munger,Jamui,Laxmipur,Kala
Munger,Jamui,Laxmipur,Pidron
Munger,Jamui,Laxmipur,Mohanpur
Munger,Jamui,Laxmipur,Kakanchor
Munger,Jamui,Laxmipur,Khilar
Munger,Jamui,Sikandra,Kumar
Munger,Jamui,Sikandra,Gokhula Phatehpur
Munger,Jamui,Sikandra,Mathurapur
Munger,Jamui,Sikandra,Bichhway
Munger,Jamui,Sikandra,Ittasagar
Munger,Jamui,Sikandra,Mahadeo-Simaria
Munger,Jamui,Sono,Chhuchhnariya
Munger,Jamui,Sono,Lalilewar
Munger,Jamui,Sono,Thamhan
Munger,Jamui,Sono,Maheshwari
Munger,Jamui,Sono,Churhit
Munger,Jamui,Sono,Babudih
Munger,Jamui,Sono,Rajaun
Munger,Jamui,Sono,Naiyadih
Munger,Jamui,Sono,Belamba
Munger,Jamui,Sono,Gandar
Magadh,Jehanabad,Ghoshi,Bharthu
Magadh,Jehanabad,Hulasganj,Chiri
Magadh,Jehanabad,Makhdumpur,Solhanda
Magadh,Jehanabad,Makhdumpur,Sugaoan
Magadh,Jehanabad,Makhdumpur,Pachhami Saren
Magadh,Jehanabad,Modanganj,Bishunpur Okri
Magadh,Jehanabad,Modanganj,Modanjung Govindpur
Magadh,Jehanabad,Modanganj,Devra
Magadh,Jehanabad,Ratni Faridpur,Sesamwa
Magadh,Jehanabad,Ratni Faridpur,Sikandrapur
Magadh,Jehanabad,Ratni Faridpur,Uchita
Magadh,Jehanabad,Ratni Faridpur,Nehalpur
Patna,Kaimur(Bhabua),Bhagwanpur,Saraiya
Patna,Kaimur(Bhabua),Chainpur,Dumarkon
Patna,Kaimur(Bhabua),Kudra,Bhadaula
Patna,Kaimur(Bhabua),Adhaura,Athan
Patna,Kaimur(Bhabua),Adhaura,Babhani Kalan
Patna,Kaimur(Bhabua),Adhaura,Barwan Kalan
Patna,Kaimur(Bhabua),Adhaura,Chainpura
Patna,Kaimur(Bhabua),Adhaura,Dighar
Patna,Kaimur(Bhabua),Adhaura,Dumrawan
Patna,Kaimur(Bhabua),Adhaura,Jamuninar
Patna,Kaimur(Bhabua),Adhaura,Kolhuwa
Patna,Kaimur(Bhabua),Adhaura,Sarodaanchayat
Patna,Kaimur(Bhabua),Ramgarh,Bandipur
Patna,Kaimur(Bhabua),Rampur,Kurari
Purnia,Katihar,Amdabad,North Karimullapur
Purnia,Katihar,Amdabad,South Karimullapur
Purnia,Katihar,Amdabad,Pardiara
Purnia,Katihar,Azamnagar,Bairia
Purnia,Katihar,Azamnagar,Devgaon
Purnia,Katihar,Azamnagar,Khurial
Purnia,Katihar,Azamnagar,Shitalmani
Purnia,Katihar,Balrampur,Sahpur
Purnia,Katihar,Barari,Gurumela
Purnia,Katihar,Barari,Bakia Sukhai
Purnia,Katihar,Barari,Bareta
Purnia,Katihar,Barari,Mohana Chandpur
Purnia,Katihar,Barsoi,Kadamgachhi
Purnia,Katihar,Barsoi,Chaundi
Purnia,Katihar,Falka,Gobindpur
Purnia,Katihar,Falka,Shabdha
Purnia,Katihar,Kadwa,Shikarpur
Purnia,Katihar,Kadwa,Tetaliya
Purnia,Katihar,Kadwa,Madhaypur
Purnia,Katihar,Kadwa,Beni Jalalpur
Purnia,Katihar,Katihar,Bhawara
Purnia,Katihar,Katihar,Garbhaili
Purnia,Katihar,Katihar,Daheria
Purnia,Katihar,Korha,Korha
Purnia,Katihar,Korha,Rampur
Purnia,Katihar,Korha,Bishanpur
Purnia,Katihar,Korha,Simariya South
Purnia,Katihar,Mansahi,Bhermara
Purnia,Katihar,Sameli,Chandpur East
Purnia,Katihar,Sameli,Khaira
Purnia,Katihar,Sameli,Muradpur
Munger,Khargaria,Alauli,Roun
Munger,Khargaria,Alauli,Goriyami
Munger,Khargaria,Alauli,Chanpura
Munger,Khargaria,Beldaur,Belanowad
Munger,Khargaria,Beldaur,Balaitha
Munger,Khargaria,Beldaur,Itamadi
Munger,Khargaria,Chautham,Paschimi Borne
Munger,Khargaria,Gogri,Banni
Munger,Khargaria,Gogri,Samaspur
Munger,Khargaria,Gogri,Borna
Munger,Khargaria,Gogri,Gogri
Munger,Khargaria,Gogri,Gauchhari
Munger,Khargaria,Gogri,Maira
Munger,Khargaria,Gogri,Baltara
Munger,Khargaria,Gogri,Pawra
Munger,Khargaria,Gogri,Deotha
Munger,Khargaria,Gogri,Pasaraha
Munger,Khargaria,Gogri,Itahari
Munger,Khargaria,Gogri,Sherchakla
Munger,Khargaria,Gogri,Paikat
Munger,Khargaria,Khagaria,Tetarabad
Munger,Khargaria,Khagaria,Jalkoura
Munger,Khargaria,Khagaria,Marar Uattari
Munger,Khargaria,Parbatta,Kabela
Munger,Khargaria,Parbatta,Dewari
Munger,Khargaria,Parbatta,Sour Dakshini
Munger,Khargaria,Parbatta,Khajretha
Munger,Khargaria,Parbatta,Bharso
Munger,Khargaria,Parbatta,Baisa
Munger,Khargaria,Parbatta,Jorawarpur
Munger,Khargaria,Parbatta,Temtha Karari
Munger,Khargaria,Parbatta,Khiradih
Purnia,Kishanganj,Bahadurganj,Laucha
Purnia,Kishanganj,Bahadurganj,Mahesh Bathna
Purnia,Kishanganj,Bahadurganj,Jhingakata Istambrar
Purnia,Kishanganj,Bahadurganj,Dohar
Purnia,Kishanganj,Bahadurganj,Jhiljhili
Purnia,Kishanganj,Bahadurganj,Natuapara
Purnia,Kishanganj,Bahadurganj,Bhauradah
Purnia,Kishanganj,Bahadurganj,Altabari
Purnia,Kishanganj,Bahadurganj,Desiatoli
Purnia,Kishanganj,Bahadurganj,Gangi
Purnia,Kishanganj,Dighalbank,Singhimari
Purnia,Kishanganj,Dighalbank,Dahibhat
Purnia,Kishanganj,Dighalbank,Tulsia
Purnia,Kishanganj,Kochadhaman,Bhagal
Purnia,Kishanganj,Kochadhaman,Bualdah
Purnia,Kishanganj,Kochadhaman,Tegharia
Purnia,Kishanganj,Kochadhaman,Majagawan
Purnia,Kishanganj,Pothia,Bhotathana
Purnia,Kishanganj,Pothia,Sitalpur
Purnia,Kishanganj,Pothia,Koltha
Purnia,Kishanganj,Pothia,Parlabari
Purnia,Kishanganj,Terhagachh,Jhunki Mushara
Purnia,Kishanganj,Terhagachh,Dhabaili
Purnia,Kishanganj,Terhagachh,Hawakol
Purnia,Kishanganj,Thakurganj,Dallegaon
Purnia,Kishanganj,Thakurganj,Bhogdavar
Purnia,Kishanganj,Thakurganj,Churli
Purnia,Kishanganj,Thakurganj,Patesari
Purnia,Kishanganj,Thakurganj,Bhatagaon
Munger,Lakhisarai,Barahiya,Khutha West
Munger,Lakhisarai,Chanan,Lakhochak
Munger,Lakhisarai,Chanan,Sangrampur
Munger,Lakhisarai,Chanan,Bhaluee
Munger,Lakhisarai,Chanan,Kundar
Munger,Lakhisarai,Halsi,Dhira
Munger,Lakhisarai,Halsi,Sarhmaf
Munger,Lakhisarai,Lakhisarai,Balgudar
Munger,Lakhisarai,Lakhisarai,Garhi Bishanpur
Munger,Lakhisarai,Pipariya,Pipariya
Munger,Lakhisarai,Pipariya,Mohanpur
Munger,Lakhisarai,Pipariya,Olipur
Munger,Lakhisarai,Ramgarh Chowk,Bhamariya
Munger,Lakhisarai,Ramgarh Chowk,Sharma
Munger,Lakhisarai,Ramgarh Chowk,Billo
Munger,Lakhisarai,Ramgarh Chowk,Nandnama
Munger,Lakhisarai,Surajgarha,Rajpur Choura
Koshi,Madhepura,Alamnagar,Gangapur
Koshi,Madhepura,Alamnagar,Khapur
Koshi,Madhepura,Bihariganj,Madhukarchak
Koshi,Madhepura,Bihariganj,Tulsia
Koshi,Madhepura,Bihariganj,Hathiaundha
Koshi,Madhepura,Chausa,Phulaut West
Koshi,Madhepura,Chausa,Laua Lagan West
Koshi,Madhepura,Chausa,Chausa West
Koshi,Madhepura,Chausa,Chausa East
Koshi,Madhepura,Chausa,Arajpur East
Koshi,Madhepura,Gamharia,Bhelwa
Koshi,Madhepura,Gamharia,Itwa Jiwachhpur
Koshi,Madhepura,Ghailarh,Srinagar
Koshi,Madhepura,Ghailarh,Chitti
Koshi,Madhepura,Ghailarh,Bardaha
Koshi,Madhepura,Ghailarh,Araha Mahua Dighra
Koshi,Madhepura,Ghailarh,Bhan Tekthi
Koshi,Madhepura,Ghailarh,Ratanpura
Koshi,Madhepura,Gwalpara,Reshana
Koshi,Madhepura,Gwalpara,Jhitkiya Kolaatha
Koshi,Madhepura,Gwalpara,Sukhasan
Koshi,Madhepura,Gwalpara,Bisbari
Koshi,Madhepura,Uda Kishanganj,Madhuban
Koshi,Madhepura,Uda Kishanganj,Biriranpal
Koshi,Madhepura,Uda Kishanganj,Manjor
Koshi,Madhepura,Uda Kishanganj,Barahi Anadpura
Koshi,Madhepura,Uda Kishanganj,M Khara
Koshi,Madhepura,Kumarkhand,Bishanpur Sundar
Koshi,Madhepura,Kumarkhand,Bishanpur Bazar
Koshi,Madhepura,Kumarkhand,Puraini
Koshi,Madhepura,Kumarkhand,Parmanandpur
Koshi,Madhepura,Kumarkhand,Lakshmipur Bhagwati
Koshi,Madhepura,Kumarkhand,Ramnagar Mahesh
Koshi,Madhepura,Kumarkhand,Tengraha Parihari
Koshi,Madhepura,Kumarkhand,Belari
Koshi,Madhepura,Kumarkhand,Bishanpur Korlahi
Koshi,Madhepura,Kumarkhand,Ranipatti Sukhashan
Koshi,Madhepura,Kumarkhand,Israin Khurd
Koshi,Madhepura,Kumarkhand,Mangarwara
Koshi,Madhepura,Kumarkhand,Israni Bela
Koshi,Madhepura,Kumarkhand,Israin Kala
Koshi,Madhepura,Madhepura,Sahugarh- 2
Koshi,Madhepura,Madhepura,Balam Gadhiya
Koshi,Madhepura,Madhepura,Madanpur
Koshi,Madhepura,Madhepura,Manikpur
Koshi,Madhepura,Madhepura,Tulsibari Rajpur Malia
Koshi,Madhepura,Madhepura,Maheshua
Koshi,Madhepura,Madhepura,Dhurgawn
Koshi,Madhepura,Madhepura,Bhadaul -Budhma
Koshi,Madhepura,Madhepura,Murho
Koshi,Madhepura,Madhepura,Bhelwa
Koshi,Madhepura,Murliganj,Digghi
Koshi,Madhepura,Murliganj,Raghunathpur
Koshi,Madhepura,Murliganj,Kolhaypatti Dumriya
Koshi,Madhepura,Murliganj,Rajni
Koshi,Madhepura,Murliganj,Dinapatti Sakhuwa
Koshi,Madhepura,Murliganj,Belo
Koshi,Madhepura,Murliganj,Nadhi
Koshi,Madhepura,Murliganj,Bhatkhora
Koshi,Madhepura,Murliganj,Tamot Parsa
Koshi,Madhepura,Puraini,Ganesh Pur
Koshi,Madhepura,Shankarpur,Maura-Kabiahi
Koshi,Madhepura,Shankarpur,Parsha
Koshi,Madhepura,Shankarpur,Sonbersha
Koshi,Madhepura,Singheshwar,Kamargama
Koshi,Madhepura,Singheshwar,Bhawanipur
Koshi,Madhepura,Singheshwar,Patori
Koshi,Madhepura,Singheshwar,Baheri
Koshi,Madhepura,Singheshwar,M Itahari Gahumani
Darbhanga,Madhubani,Benipatti,Bayoth
Darbhanga,Madhubani,Bisfi,Jagban East
Darbhanga,Madhubani,Ghoghardiha,Basuari
Darbhanga,Madhubani,Ghoghardiha,Srouta
Darbhanga,Madhubani,Harlakhi,Khirahar
Darbhanga,Madhubani,Jainagar,Parwa Belahi
Darbhanga,Madhubani,Khajauli,Kanhauli
Darbhanga,Madhubani,Lakhnaur,Laufa
Darbhanga,Madhubani,Madhepur,Rahuwa Sangram
Darbhanga,Madhubani,Madhepur,Karhara
Darbhanga,Madhubani,Madhepur,Darah
Darbhanga,Madhubani,Madhepur,Dwalakh
Darbhanga,Madhubani,Madhepur,Mahpatia
Darbhanga,Madhubani,Madhepur,Besipatti
Darbhanga,Madhubani,Madhepur,Gargawan
Darbhanga,Madhubani,Madhepur,Bhakharain
Darbhanga,Madhubani,Madhepur,Bakua
Darbhanga,Madhubani,Rajnagar,Pilakhwar
Munger,Munger,Bariarpur,Bindadiyara Harinmar
Munger,Munger,Bariarpur,Kalyan Tola
Munger,Munger,Bariarpur,Nirpur
Munger,Munger,Bariarpur,Bariyarpur (South)
Munger,Munger,Bariarpur,Paria
Munger,Munger,Dharhara,Sarobagh
Munger,Munger,Dharhara,Amari
Munger,Munger,Dharhara,Ora Bagicha
Munger,Munger,Dharhara,Dharahra (South)
Munger,Munger,Dharhara,Dharahra (Mahrna)
Munger,Munger,Dharhara,Banglwa
Munger,Munger,Dharhara,Ajim Ganj
Munger,Munger,Jamalpur,Singhiya
Munger,Munger,Jamalpur,Parham
Munger,Munger,Jamalpur,Patam (West)
Munger,Munger,Kharagpur,Naki
Munger,Munger,Kharagpur,Badhouna
Munger,Munger,Kharagpur,Majhgyan
Munger,Munger,Kharagpur,Gangata
Munger,Munger,Kharagpur,Dariyapur (2)
Munger,Munger,Munger Sadar,Shankarpur
Munger,Munger,Munger Sadar,Srimatpur
Munger,Munger,Munger Sadar,Jankinagar
Munger,Munger,Munger Sadar,Nauagarhi (South)
Munger,Munger,Munger Sadar,Tarapur Diyara
Munger,Munger,Sangrampur,Durmatta
Munger,Munger,Sangrampur,Katiyari
Munger,Munger,Sangrampur,Rampur
Munger,Munger,Sangrampur,Jhikuli
Munger,Munger,Sangrampur,Kusmar
Munger,Munger,Tetiyabamber,Tetiya
Munger,Munger,Tetiyabamber,Dhouri
Tirhut,Muzzafarpur,Bandra,Rampur Dayal
Tirhut,Muzzafarpur,Motipur/Baruraj,Bansghat
Tirhut,Muzzafarpur,Motipur/Baruraj,Bariyarpur North
Tirhut,Muzzafarpur,Motipur/Baruraj,Hardi
Tirhut,Muzzafarpur,Motipur/Baruraj,Mahimagopinath Pur
Tirhut,Muzzafarpur,Motipur/Baruraj,Mohammadpur Balmi
Tirhut,Muzzafarpur,Motipur/Baruraj,Nariyar
Tirhut,Muzzafarpur,Bochacha,Sahila Rampur
Tirhut,Muzzafarpur,Gaighat,Kanta Piraochha (S)
Tirhut,Muzzafarpur,Kanti,Birpur
Tirhut,Muzzafarpur,Kanti,Dhamauli Ramnath West
Tirhut,Muzzafarpur,Kanti,Harchanda
Tirhut,Muzzafarpur,Kanti,Jhitkanhi Madhuban
Tirhut,Muzzafarpur,Katra,Hathauri
Tirhut,Muzzafarpur,Kurhani,Akhteyarpur Paraiya
Tirhut,Muzzafarpur,Kurhani,Chainpur Wajid
Tirhut,Muzzafarpur,Kurhani,Ladaura
Tirhut,Muzzafarpur,Kurhani,Mahmadpur Mobarak
Tirhut,Muzzafarpur,Kurhani,Ratnauli
Tirhut,Muzzafarpur,Marwan,Barkagaon North
Tirhut,Muzzafarpur,Minapur,Maksudpur
Tirhut,Muzzafarpur,Minapur,Turki West
Tirhut,Muzzafarpur,Musahri,Abdul Nagar Urf Madhopur
Tirhut,Muzzafarpur,Musahri,Baikatpur
Tirhut,Muzzafarpur,Musahri,Barajagannath
Tirhut,Muzzafarpur,Musahri,Bhagwanpur
Tirhut,Muzzafarpur,Musahri,Dumri
Tirhut,Muzzafarpur,Musahri,Jhapahan
Tirhut,Muzzafarpur,Musahri,Prahladpur
Tirhut,Muzzafarpur,Musahri,Rajwara Bhagwan
Tirhut,Muzzafarpur,Musahri,Rohua
Tirhut,Muzzafarpur,Musahri,Sahbazpur
Tirhut,Muzzafarpur,Musahri,Taroura
Tirhut,Muzzafarpur,Paroo,Chakki Suhagpur
Tirhut,Muzzafarpur,Paroo,Dewariya West
Tirhut,Muzzafarpur,Paroo,Fatehabad
Tirhut,Muzzafarpur,Paroo,Jagdishpur Baya
Tirhut,Muzzafarpur,Paroo,Saraiya
Tirhut,Muzzafarpur,Sahebganj,Hussepur Ratti
Tirhut,Muzzafarpur,Sahebganj,Madhopur Hazari
Tirhut,Muzzafarpur,Sahebganj,Paharpur Manorath
Tirhut,Muzzafarpur,Sahebganj,Roop Chhapra
Tirhut,Muzzafarpur,Saraiya,Bahilwara Govind
Tirhut,Muzzafarpur,Saraiya,Bahilwararoopnath North
Tirhut,Muzzafarpur,Saraiya,Datapur Pachbhirwa
Tirhut,Muzzafarpur,Saraiya,Gopidhanwat
Tirhut,Muzzafarpur,Saraiya,Khaira
Tirhut,Muzzafarpur,Saraiya,Rewa Basantpur South
Patna,Nalanda,Ben,Akauna
Patna,Nalanda,Ben,Nohsa
Patna,Nalanda,Ben,Ben
Patna,Nalanda,Ben,Arawan
Patna,Nalanda,Bihar Sharif,Biyavani
Patna,Nalanda,Bihar Sharif,Sakraul
Patna,Nalanda,Bihar Sharif,Korai
Patna,Nalanda,Bihar Sharif,Chabillapur
Patna,Nalanda,Bihar Sharif,Pawa
Patna,Nalanda,Bihar Sharif,Palatpura
Patna,Nalanda,Chandi,Madhopur
Patna,Nalanda,Chandi,Bhagwanpur/Amraura
Patna,Nalanda,Chandi,Araut
Patna,Nalanda,Chandi,Sirnawan
Patna,Nalanda,Ekangarsarai,Gyaspur
Patna,Nalanda,Giriak,Adampur/Satuaa
Patna,Nalanda,Harnaut,Sartha
Patna,Nalanda,Hilsa,Chiksaura
Patna,Nalanda,Hilsa,Ashari
Patna,Nalanda,Hilsa,Akbarpur
Patna,Nalanda,Hilsa,Kapsiyawan
Patna,Nalanda,Islampur,Dhobdiha
Patna,Nalanda,Islampur,Chochara
Patna,Nalanda,Katrisarai,Darveshpura
Patna,Nalanda,Noorsarai,Nirpur
Patna,Nalanda,Noorsarai,Daruara
Patna,Nalanda,Rajgir,Barnausa
Patna,Nalanda,Rajgir,Goraur
Patna,Nalanda,Rajgir,Nai Pokhar
Patna,Nalanda,Silao,Gorwa
Patna,Nalanda,Silao,Mahuri
Patna,Nalanda,Silao,Dharhara
Patna,Nalanda,tharthari,Jaitipur
Magadh,Nawada,Akbarpur,Makhar
Magadh,Nawada,Akbarpur,Bareo
Magadh,Nawada,Akbarpur,Bhanail Lodipur
Magadh,Nawada,Akbarpur,Ledha
Magadh,Nawada,Akbarpur,Parto Karhari
Magadh,Nawada,Akbarpur,Kulana
Magadh,Nawada,Akbarpur,Pnchrukhi
Magadh,Nawada,Akbarpur,Balia Bujurga
Magadh,Nawada,Akbarpur,Baksanda
Magadh,Nawada,Akbarpur,Budhua
Magadh,Nawada,Hisua,Chitarghati
Magadh,Nawada,Hisua,Pachadha
Magadh,Nawada,Kowakole,Pali
Magadh,Nawada,Kowakole,Sarauni
Magadh,Nawada,Kowakole,Kewali
Magadh,Nawada,Kowakole,Manjhila
Magadh,Nawada,Kowakole,Devengarh
Magadh,Nawada,Kowakole,Sokhodewra
Magadh,Nawada,Kowakole,Paharpur
Magadh,Nawada,Kowakole,Lalpur
Magadh,Nawada,Kowakole,Mahudar
Magadh,Nawada,Kowakole,Pandegangot
Magadh,Nawada,Kowakole,Nawadih
Magadh,Nawada,Meskaur,Mirzapur
Magadh,Nawada,Meskaur,Baddossar
Magadh,Nawada,Meskaur,Tetariya
Magadh,Nawada,Nardiganj,Parma
Magadh,Nawada,Narhat,Khanwa
Magadh,Nawada,Narhat,Punther
Magadh,Nawada,Narhat,Saidapur
Magadh,Nawada,Nawada,Jhunathi
Magadh,Nawada,Nawada,Paura
Magadh,Nawada,Nawada,Jamuawa Patwa Saray Pan
Magadh,Nawada,Nawada,Nanaura
Magadh,Nawada,Pakaribarawan,Pokasi
Magadh,Nawada,Pakaribarawan,Gulni
Magadh,Nawada,Pakaribarawan,Aruri
Magadh,Nawada,Pakaribarawan,Budhauli
Magadh,Nawada,Pakaribarawan,Kabla
Magadh,Nawada,Pakaribarawan,Juri
Magadh,Nawada,Rajauli,Amawa East
Magadh,Nawada,Rajauli,Murhena
Magadh,Nawada,Rajauli,Bahadurpur
Magadh,Nawada,Rajauli,Farka Bujurg
Magadh,Nawada,Rajauli,Jogiamaran
Magadh,Nawada,Rajauli,Rajauli West
Magadh,Nawada,Rajauli,Rajauli East
Magadh,Nawada,Rajauli,Sirodabur
Magadh,Nawada,Rajauli,Hardia
Magadh,Nawada,Rajauli,Chitarkoli
Magadh,Nawada,Roh,Morma
Magadh,Nawada,Roh,Kunj
Magadh,Nawada,Roh,Bhikhampur
Magadh,Nawada,Roh,Chhanaun
Magadh,Nawada,Roh,Ohari
Magadh,Nawada,Sirdala,Abdul
Magadh,Nawada,Sirdala,Chaukia
Magadh,Nawada,Sirdala,Khattangi
Magadh,Nawada,Sirdala,Ghaghat
Magadh,Nawada,Sirdala,Bandhi
Magadh,Nawada,Sirdala,Akauna
Magadh,Nawada,Sirdala,Dhiraundh
Magadh,Nawada,Warsaliganj,Saur
Patna,Patna,Athmalgola,Ramnagar Diara
Patna,Patna,Athmalgola,Usmanpur
Patna,Patna,Athmalgola,Ramnagar Karari Kachhar
Patna,Patna,Athmalgola,Kalyanpur
Patna,Patna,Athmalgola,Bahadurpur
Patna,Patna,Bakhtiyarpur,Kala Diyara
Patna,Patna,Bakhtiyarpur,Rupas Mahaji
Patna,Patna,Bakhtiyarpur,Chiraiya Rupas
Patna,Patna,Bakhtiyarpur,Hardaspur Diyara
Patna,Patna,Bakhtiyarpur,Satbhaiya Ram Nagar
Patna,Patna,Barh,Berhna West
Patna,Patna,Barh,Naruada
Patna,Patna,Barh,Shohari
Patna,Patna,Barh,Ranabigha
Patna,Patna,Belchhi,West Saksohara
Patna,Patna,Belchhi,East Saksohara
Patna,Patna,Bihta,Daulatpur Simri
Patna,Patna,Bihta,Mushepur
Patna,Patna,Bihta,Purshottampur Painathi
Patna,Patna,Bikram,Birghaur Berar Katari
Patna,Patna,Bikram,Vajirpur
Patna,Patna,Bikram,Habaspur Gona
Patna,Patna,Bikram,Gangachak Telpa
Patna,Patna,Danapur,Purani Panapur
Patna,Patna,Danapur,Manas
Patna,Patna,Danapur,Mobark Pur Raghurampur
Patna,Patna,Dulhin Bazar,Dhana Nisharpura
Patna,Patna,Dulhin Bazar,Wyen 
Patna,Patna,Fatwa/Fatuha,Jethuli
Patna,Patna,Fatwa/Fatuha,Momindpur
Patna,Patna,Maner,Kita Chauhattar West
Patna,Patna,Maner,Kita Chauhattar Middle
Patna,Patna,Maner,Rampur Diyara Tauffir
Patna,Patna,Maner,Darweshpur South
Patna,Patna,Maner,Sherpur West
Patna,Patna,Maner,Khashpur
Patna,Patna,Masaurhi,Nadaul
Patna,Patna,Mokama,Mekra
Patna,Patna,Mokama,Kanhaipur
Patna,Patna,Mokama,More West
Patna,Patna,Mokama,Barahpur
Patna,Patna,Mokama,Shivnar
Patna,Patna,Mokama,Aunta
Patna,Patna,Mokama,Dariapur
Patna,Patna,Mokama,Hathidah Buzurg
Patna,Patna,Mokama,Maranchi (South)
Patna,Patna,Mokama,Rampur Dumra
Patna,Patna,Naubatpur,Savarchak
Patna,Patna,Paliganj,Mahabalipur Chok
Patna,Patna,Paliganj,Mera Patona
Patna,Patna,Pandarakh,Dhiwar
Patna,Patna,Pandarakh,Raili
Patna,Patna,Pandarakh,Parsawan
Patna,Patna,Pandarakh,Lemuabad
Patna,Patna,Pandarakh,West Pandarakh
Patna,Patna,Patna Sadar,Nakta Diyara
Patna,Patna,Patna Sadar,Mahuli
Patna,Patna,Patna Sadar,Fatehpur
Patna,Patna,Patna Sadar,Punadih
Patna,Patna,Patna Sadar,Sabal Pur
Patna,Patna,Phulwari Sarif,Kurthoul
Purnia,Purnia,Amour,Bengra Mehndipur
Purnia,Purnia,Amour,Gyandobh
Purnia,Purnia,Amour,Hafaniya
Purnia,Purnia,Amour,Machhatta
Purnia,Purnia,Amour,Majhuwa Hat
Purnia,Purnia,Amour,Rangraiya Lal Toli
Purnia,Purnia,Baisa,Aasiyani
Purnia,Purnia,Baisa,Chandel
Purnia,Purnia,Baisa,Chandwar
Purnia,Purnia,Baisa,Kanjia
Purnia,Purnia,Baisa,Kanpahlia
Purnia,Purnia,Baisa,Majok
Purnia,Purnia,Baisa,Nandniya
Purnia,Purnia,Baisa,Sirsi
Purnia,Purnia,Baisi,Charaiya
Purnia,Purnia,Baisi,Chopra
Purnia,Purnia,Baisi,Gangar
Purnia,Purnia,Baisi,Sugawa Mahanandpur
Purnia,Purnia,Baisi,Tarabari
Purnia,Purnia,Banmankhi,Abhay Ram Chakla
Purnia,Purnia,Banmankhi,Chandpur Bhangaha
Purnia,Purnia,Banmankhi,Dharhara Chakla Bhunayee
Purnia,Purnia,Banmankhi,Gangapur
Purnia,Purnia,Banmankhi,Koshi Sharan Devottar
Purnia,Purnia,Banmankhi,Ladugarh
Purnia,Purnia,Banmankhi,Maharajganj - I
Purnia,Purnia,Banmankhi,Rupouli Dakshin
Purnia,Purnia,Banmankhi,Rupouli Uttar
Purnia,Purnia,Banmankhi,Sahuriya Subhay Milik
Purnia,Purnia,Barhara Kothi,Arbanna Chakla
Purnia,Purnia,Barhara Kothi,Matihani
Purnia,Purnia,Barhara Kothi,Rustampur
Purnia,Purnia,Barhara Kothi,Sukhsena West
Purnia,Purnia,Bhawanipur,Barhari
Purnia,Purnia,Bhawanipur,Lathi
Purnia,Purnia,Dagarua,Duweli
Purnia,Purnia,Dagarua,Thathol
Purnia,Purnia,Dhamdaha,Kukroun West
Purnia,Purnia,Dhamdaha,Rajghat Garail
Purnia,Purnia,Jalalgarh,Dansar
Purnia,Purnia,Jalalgarh,Nij Gehunwa
Purnia,Purnia,Purnia East,Kabaiya
Purnia,Purnia,Rupauli,Goriyar East
Purnia,Purnia,Srinagar,Jhunni Kala
Purnia,Purnia,Srinagar,Khutti Dhunaili
Patna,Rohtas,Bikramganj,Ghusia Kala
Patna,Rohtas,Dawath,Usari
Patna,Rohtas,Dehri,Jamuhar
Patna,Rohtas,Dinara,Bhui
Patna,Rohtas,Kochas,Gara
Patna,Rohtas,Nasriganj,Atimi
Patna,Rohtas,Nasriganj,Itamha
Patna,Rohtas,Nauhatta,Jadunatipur
Patna,Rohtas,Nauhatta,Pipradih
Patna,Rohtas,Nauhatta,Tiara Khu
Patna,Rohtas,Nauhatta,Uli Banah
Patna,Rohtas,Nokha,Dakshani Baraw
Patna,Rohtas,Rohtas,Baknaur
Patna,Rohtas,Rohtas,Nawadih
Patna,Rohtas,Rohtas,Rasulpur
Patna,Rohtas,Rohtas,Samhuta
Patna,Rohtas,Rohtas,Telkap
Patna,Rohtas,Tilouthu,Saraiyan
Patna,Rohtas,Tilouthu,Tilouthu East
Koshi,Saharsa,Kahara,Bariaha
Koshi,Saharsa,Kahara,Parri
Koshi,Saharsa,Kahara,Chainpur
Koshi,Saharsa,Kahara,Diwari
Koshi,Saharsa,Kahara,Murli Basantpur
Koshi,Saharsa,Mahishi,Telwa West
Koshi,Saharsa,Mahishi,Telwa East
Koshi,Saharsa,Mahishi,Bhalahi
Koshi,Saharsa,Mahishi,Kundah
Koshi,Saharsa,Mahishi,Mahisarho
Koshi,Saharsa,Mahishi,Arapatti
Koshi,Saharsa,Mahishi,Jhara
Koshi,Saharsa,Mahishi,Aeina
Koshi,Saharsa,Nauhatta,Bakunia
Koshi,Saharsa,Nauhatta,Kedli
Koshi,Saharsa,Nauhatta,Naula
Koshi,Saharsa,Nauhatta,Sattaur
Koshi,Saharsa,Patarghat,Dhabauli West
Koshi,Saharsa,Patarghat,Dhabauli East
Koshi,Saharsa,Salkhua,Kabira
Koshi,Saharsa,Salkhua,Alani
Koshi,Saharsa,Salkhua,Situaha
Koshi,Saharsa,Sattar kataiya,Purikh
Koshi,Saharsa,Sattar kataiya,Panchgachhia
Koshi,Saharsa,Sattar kataiya,Patori
Koshi,Saharsa,Sattar kataiya,Sattar
Koshi,Saharsa,Sattar kataiya,Bihra
Koshi,Saharsa,Sattar kataiya,Okahi
Koshi,Saharsa,Sattar kataiya,Bara
Koshi,Saharsa,Sattar kataiya,Shahpur
Koshi,Saharsa,Saur Bazar,Sahuriya East
Koshi,Saharsa,Saur Bazar,Kanp Eest
Koshi,Saharsa,Saur Bazar,Rauta
Koshi,Saharsa,Saur Bazar,Karhaiya
Koshi,Saharsa,Saur Bazar,Suhath
Koshi,Saharsa,Simri Bakhtiyarpur,Ghoghesam
Koshi,Saharsa,Simri Bakhtiyarpur,Kathdumar
Koshi,Saharsa,Simri Bakhtiyarpur,Belwara
Koshi,Saharsa,Simri Bakhtiyarpur,Dhanpura
Koshi,Saharsa,Simri Bakhtiyarpur,Sitanabad South
Koshi,Saharsa,Simri Bakhtiyarpur,Mahkhar
Koshi,Saharsa,sonbarsa,Lagma
Koshi,Saharsa,sonbarsa,Sahsaul
Koshi,Saharsa,sonbarsa,Barsam
Koshi,Saharsa,sonbarsa,Mokma
Koshi,Saharsa,sonbarsa,Kopa
Koshi,Saharsa,sonbarsa,Raghunathpur
Koshi,Saharsa,sonbarsa,Baith Musahhari
Koshi,Saharsa,sonbarsa,Mangwar
Darbhanga,Samastipur,Bibhutipur,Tabhaka
Darbhanga,Samastipur,Bibhutipur,Bhuswar
Darbhanga,Samastipur,Bibhutipur,Narhan
Darbhanga,Samastipur,Bibhutipur,Boria
Darbhanga,Samastipur,Bibhutipur,Mahathi South
Darbhanga,Samastipur,Bibhutipur,Belsandi Tara
Darbhanga,Samastipur,Dalsinghsarai,Chakbahuddin
Darbhanga,Samastipur,Dalsinghsarai,Pagra
Darbhanga,Samastipur,Hasanpur,Bhatwan
Darbhanga,Samastipur,Hasanpur,Hasanpur
Darbhanga,Samastipur,Kalyanpur,Gorai
Darbhanga,Samastipur,Kalyanpur,Kharsand West
Darbhanga,Samastipur,Kalyanpur,Gopalpur
Darbhanga,Samastipur,Khanpur,Bachawli
Darbhanga,Samastipur,Mohanpur,Baghra
Darbhanga,Samastipur,Mohanpur,Dashahara
Darbhanga,Samastipur,Mohanpur,Dumri Dakshini
Darbhanga,Samastipur,Mohanpur,Dharnipatti Purbi
Darbhanga,Samastipur,Mohanpur,Dharnipatti Pasichim
Darbhanga,Samastipur,Mohanpur,Rajpur
Darbhanga,Samastipur,Mohanpur,Bishanpur Beri
Darbhanga,Samastipur,Mohiuddinnagar,Raspur Patasia Paschim
Darbhanga,Samastipur,Mohiuddinnagar,Mohiuddinnagar Dakshin
Darbhanga,Samastipur,Morwa,Chaksikandar
Darbhanga,Samastipur,Pusa,Mahamadpur Deopar
Darbhanga,Samastipur,Pusa,Mahmadpur Kouari
Darbhanga,Samastipur,Rosera,Bhiraha Purab
Darbhanga,Samastipur,Rosera,Bhiraha West
Darbhanga,Samastipur,Rosera,Chakthat West
Darbhanga,Samastipur,Samastipur,Pokhraira
Darbhanga,Samastipur,Samastipur,Hakimabad
Darbhanga,Samastipur,Shivaji Nagar,Rahiar North
Darbhanga,Samastipur,Singhia,Keothar
Darbhanga,Samastipur,Tajpur,Muradpur Bangra
Darbhanga,Samastipur,Tajpur,Harishankarpur Baghauni
Darbhanga,Samastipur,Tajpur,Madhopur Dhgharua
Darbhanga,Samastipur,Tajpur,Shahpur Baghauni/Tajpur
Darbhanga,Samastipur,Ujiyarpur,Bhagwanpur Kamla
Darbhanga,Samastipur,Ujiyarpur,Chandchaur West
Darbhanga,Samastipur,Ujiyarpur,Nikaspur
Darbhanga,Samastipur,Ujiyarpur,Angar
Darbhanga,Samastipur,Vidhyapati Nagar,Kancha
Darbhanga,Samastipur,Vidhyapati Nagar,Harpur Bochaha
Darbhanga,Samastipur,Vidhyapati Nagar,Sahit
Darbhanga,Samastipur,Vidhyapati Nagar,Balkrishanpur Marwa
Darbhanga,Samastipur,Vidhyapati Nagar,Mow Dhaneshpur South
Darbhanga,Samastipur,Vidhyapati Nagar,Serpur Dhepura
Darbhanga,Samastipur,Warisnagar,Shekhopur
Darbhanga,Samastipur,Warisnagar,Hansa
Saran,Saran,Amnour,Dharampur Jafar
Saran,Saran,Amnour,Amnour Harnarayan
Saran,Saran,Amnour,Dharhara Khurd
Saran,Saran,Amnour,Manorpur Ja
Saran,Saran,Amnour,Shekhpura
Saran,Saran,Baniyapur,Manikpura
Saran,Saran,Baniyapur,Bedauli
Saran,Saran,Baniyapur,Kanhouli Manohar
Saran,Saran,Baniyapur,Karah
Saran,Saran,Baniyapur,Harpur
Saran,Saran,Baniyapur,Goa Piparpati
Saran,Saran,Chapra Sadar,Khalpura Bala
Saran,Saran,Chapra Sadar,Bhairopur Nijamat
Saran,Saran,Chapra Sadar,Charhara Mahaji
Saran,Saran,Dariyapur,Hariharpur
Saran,Saran,Dariyapur,Bishambharpur
Saran,Saran,Dariyapur,Fatahpur Chain
Saran,Saran,Dariyapur,Pratappur
Saran,Saran,Dariyapur,Sajanpur Matihan
Saran,Saran,Dariyapur,Akbarpur
Saran,Saran,Dariyapur,Jitwarpur
Saran,Saran,Dighwara,Manupur
Saran,Saran,Dighwara,Sitalpur
Saran,Saran,Dighwara,Kuraiya
Saran,Saran,Dighwara,Trilok Chak
Saran,Saran,Dighwara,Akilpur
Saran,Saran,Garkha,Bajitpur
Saran,Saran,Garkha,Mithepur
Saran,Saran,Ishuapur,Ramchoura
Saran,Saran,Ishuapur,Aata Nagar
Saran,Saran,Jalalpur,Kishunpur
Saran,Saran,Jalalpur,Madhopur
Saran,Saran,Jalalpur,Rampur Noornagar
Saran,Saran,Jalalpur,Sakaddi
Saran,Saran,Lahladpur,Banpura
Saran,Saran,Maker,Bagha Kol
Saran,Saran,Maker,Kautaka Nandan
Saran,Saran,Maker,Kautaka Lachhi
Saran,Saran,Maker,Bhatha
Saran,Saran,Manjhi,Inayatpur
Saran,Saran,Manjhi,Daudpur
Saran,Saran,Manjhi,Lejuar
Saran,Saran,Marhourah,Tejpurwa
Saran,Saran,Marhourah,Bardahiya
Saran,Saran,Marhourah,Olhanpur
Saran,Saran,Marhourah,Mubarakpur
Saran,Saran,Mashrakh,Dumarsan
Saran,Saran,Mashrakh,Khajuri
Saran,Saran,Nagra,Khairah
Saran,Saran,Parsa,Pachalakh
Saran,Saran,Parsa,Saguni
Saran,Saran,Revelganj,Inai
Saran,Saran,Sonepur,Hasilpur
Saran,Saran,Sonepur,Rasulpur
Saran,Saran,Sonepur,Saidpur
Saran,Saran,Sonepur,Kasmat
Saran,Saran,Sonepur,Kharika
Saran,Saran,Sonepur,Gangajal
Saran,Saran,Sonepur,Bharpura
Saran,Saran,Sonepur,Jahangirpur
Saran,Saran,Sonepur,Kalyanpur
Saran,Saran,Sonepur,Najarmira
Saran,Saran,Sonepur,Sawalpur Uttary
Saran,Saran,Sonepur,Sawalpur Pachhiyari
Saran,Saran,Sonepur,Swalpur Middle
Saran,Saran,Sonepur,Sawalpur Eastern
Saran,Saran,Taraiyan,Madhopur
Saran,Saran,Taraiyan,Deori
Saran,Saran,Taraiyan,Bhatgai
Munger,Shekhpura,Barbigha,Samas Bujurg
Munger,Shekhpura,Chewara,Chathiyara
Munger,Shekhpura,Chewara,Lohan
Munger,Shekhpura,Chewara,Siyani
Munger,Shekhpura,Ghat Kusumbha,Panapur
Munger,Shekhpura,Sheikhpura,Gagari
Munger,Shekhpura,Sheikhpura,Kare
Munger,Shekhpura,Sheikhpura,Kosara
Munger,Shekhpura,Sheikhpura,Kusumbha
Munger,Shekhpura,Shekhopur Sarai,Onama
Tirhut,Sheohar,Dumari Katsari,Jahangirpur
Tirhut,Sheohar,Dumari Katsari,Nayagaon Purvi
Tirhut,Sheohar,Dumari Katsari,Rohua
Tirhut,Sheohar,Dumari Katsari,Shyampur
Tirhut,Sheohar,Piprahi,Amba Daksani
Tirhut,Sheohar,Piprahi,Basahiya Shekh
Tirhut,Sheohar,Piprahi,Kamrauli
Tirhut,Sheohar,Piprahi,Kuama
Tirhut,Sheohar,Sheohar,Khairwadarp
Tirhut,Sheohar,Sheohar,Mathurapur Kahtarwa
Tirhut,Sheohar,Sheohar,Mirjapur Dhobahi
Tirhut,Sheohar,Sheohar,Sugiya
Tirhut,Sheohar,Sheohar,Tajpur
Tirhut,Sheohar,Tariyani Chowk,Athkoni
Tirhut,Sheohar,Tariyani Chowk,Brindavan
Tirhut,Sheohar,Tariyani Chowk,Visambharpur
Tirhut,Sitamarhi,Bairgania,Akhta Paschimi
Tirhut,Sitamarhi,Bairgania,Belaganj
Tirhut,Sitamarhi,Bairgania,Musachak
Tirhut,Sitamarhi,Bairgania,Parsauni
Tirhut,Sitamarhi,Bajpatti,Bajpatti
Tirhut,Sitamarhi,Belsand,Sauli
Tirhut,Sitamarhi,Parsauni,Parsauni Mailwar
Tirhut,Sitamarhi,Pupri,Balha Maksudan
Tirhut,Sitamarhi,Riga,Sirauli Second
Tirhut,Sitamarhi,Runnisaidpur,Athari
Tirhut,Sitamarhi,Runnisaidpur,Bulandpur
Tirhut,Sitamarhi,Runnisaidpur,Giddha Phulwaria
Tirhut,Sitamarhi,Runnisaidpur,Gurdah Urf Gausnagar
Tirhut,Sitamarhi,Runnisaidpur,Manik Chauk Paschimi
Tirhut,Sitamarhi,Runnisaidpur,Manik Chauk Uttari
Tirhut,Sitamarhi,Runnisaidpur,Rain Vishuni
Tirhut,Sitamarhi,Runnisaidpur,Runnisaidpur Uttar
Tirhut,Sitamarhi,Runnisaidpur,Sirkhiriya
Tirhut,Sitamarhi,Sonbarsa,Bishanpur Gonahi
Tirhut,Sitamarhi,Sonbarsa,Khap Khopraha
Tirhut,Sitamarhi,Sonbarsa,Madhiya
Tirhut,Sitamarhi,Sonbarsa,Purandaha Rajwara Purvi
Tirhut,Sitamarhi,Suppi,Akhta Purab
Tirhut,Sitamarhi,Suppi,Akhta Uttar
Tirhut,Sitamarhi,Suppi,Barharwa
Tirhut,Sitamarhi,Suppi,Maniari
Tirhut,Sitamarhi,Suppi,Sasaula
Saran,Siwan,Andar,Jamalpur
Saran,Siwan,Barharia,Bahuara Kadir
Saran,Siwan,Barharia,Bhamopali
Saran,Siwan,Barharia,Hardobara
Saran,Siwan,Barharia,Hariharpurlalgarh
Saran,Siwan,Barharia,Lakri
Saran,Siwan,Barharia,Nawalpur
Saran,Siwan,Barharia,Sikandarpur
Saran,Siwan,Barharia,Tetahli
Saran,Siwan,Basantpur,Rajapur
Saran,Siwan,Bhagwanpur Hat/Bhagwanpur,Arazi Balaha
Saran,Siwan,Bhagwanpur,Bansohi
Saran,Siwan,Bhagwanpur,Bhikhampur
Saran,Siwan,Bhagwanpur,Bithuna
Saran,Siwan,Bhagwanpur,Kaudia
Saran,Siwan,Bhagwanpur,Khedwa
Saran,Siwan,Bhagwanpur,Sagarsultanpur Dakshin
Saran,Siwan,Bhagwanpur,Sodhani
Saran,Siwan,Darauli,Chakari
Saran,Siwan,Darauli,Karom
Saran,Siwan,Darauli,Sarharwa
Saran,Siwan,Darauli,Tiyar
Saran,Siwan,Duraundha,Karsaut
Saran,Siwan,Duraundha,Madasara
Saran,Siwan,Duraundha,Serhi
Saran,Siwan,Goriakothi/Goreakothi,Bindwal
Saran,Siwan,Goriakothi/Goreakothi,Mahamad Pur
Saran,Siwan,Guthani,Belour
Saran,Siwan,Guthani,Bishwar
Saran,Siwan,Guthani,Jataur
Saran,Siwan,Guthani,Parari
Saran,Siwan,Hasanpura,Harpur Kotwa
Saran,Siwan,Hussainganj,Chapia
Saran,Siwan,Hussainganj,Pakawalia
Saran,Siwan,Lakri Nabiganj,Baldiha
Saran,Siwan,Lakri Nabiganj,Jagat Pur
Saran,Siwan,Lakri Nabiganj,Lakhnora
Saran,Siwan,Maharajganj,Balia
Saran,Siwan,Maharajganj,Siktia
Saran,Siwan,Mairwa,Bargaon
Saran,Siwan,Nautan,Khap Bankat
Saran,Siwan,Raghunathpur,Raj Pur
Saran,Siwan,Siswan,Baghauna
Saran,Siwan,Siswan,Bhikhpur
Saran,Siwan,Siwan Sadar,Baletha
Saran,Siwan,Siwan Sadar,Makriyar
Saran,Siwan,Siwan Sadar,Pachlakhi
Saran,Siwan,Siwan Sadar,Pithori
Saran,Siwan,Siwan Sadar,Ramapali
Saran,Siwan,Siwan Sadar,Sarsar
Saran,Siwan,Ziradei,Narendrapur
Koshi,Supaul,Basantpur,Balbhadra Pur
Koshi,Supaul,Basantpur,Bhagwanpur
Koshi,Supaul,Basantpur,Bhim Nagar
Koshi,Supaul,Basantpur,Bishanpur Siv Ram
Koshi,Supaul,Basantpur,Koch Gama
Koshi,Supaul,Basantpur,Kusher
Koshi,Supaul,Basantpur,Nirmali
Koshi,Supaul,Basantpur,Parmannd Pur
Koshi,Supaul,Basantpur,Ratanpur
Koshi,Supaul,Basantpur,Satanpatti
Koshi,Supaul,Chhatapur,Bhimpur
Koshi,Supaul,Chhatapur,Charne
Koshi,Supaul,Chhatapur,Gwalpara
Koshi,Supaul,Chhatapur,Kathara
Koshi,Supaul,Chhatapur,Laxminia
Koshi,Supaul,Chhatapur,Laxmipur
Koshi,Supaul,Chhatapur,Madhopur
Koshi,Supaul,Chhatapur,Mohammadganj
Koshi,Supaul,Chhatapur,Rajeshwari East
Koshi,Supaul,Chhatapur,Sohta
Koshi,Supaul,Chhatapur,Thuthi
Koshi,Supaul,Kishanpur,Dubyahi
Koshi,Supaul,Kishanpur,Kathra Kadampura
Koshi,Supaul,Kishanpur,Kishanpur North
Koshi,Supaul,Kishanpur,Parsa Madho
Koshi,Supaul,Nirmali,Bela Singar Moti
Koshi,Supaul,Nirmali,Dighya
Koshi,Supaul,Pipra,Nirmali
Koshi,Supaul,Pipra,Rampur
Koshi,Supaul,Pipra,Thadi Bhawanipur
Koshi,Supaul,Pipra,Thumha
Koshi,Supaul,Pipra,Tulapatti
Koshi,Supaul,Pratapganj,Bhawanipur North
Koshi,Supaul,Pratapganj,Bhawanipur South
Koshi,Supaul,Pratapganj,Chilauni South
Koshi,Supaul,Pratapganj,Govindpur
Koshi,Supaul,Pratapganj,Sripur
Koshi,Supaul,Pratapganj,Suryapur
Koshi,Supaul,Raghopur,Champa Nagar
Koshi,Supaul,Raghopur,Hariraha
Koshi,Supaul,Raghopur,Karjain
Koshi,Supaul,Raghopur,Parmanandpur
Koshi,Supaul,Raghopur,Vaysi
Koshi,Supaul,Saraigarh Bhaptiyahi,Bhaptiyahi
Koshi,Supaul,Saraigarh Bhaptiyahi,Chithi Hanuman Nagar
Koshi,Supaul,Saraigarh Bhaptiyahi,Dholi
Koshi,Supaul,Saraigarh Bhaptiyahi,Lalgang Bagava Tengraha
Koshi,Supaul,Saraigarh Bhaptiyahi,Laukha
Koshi,Supaul,Saraigarh Bhaptiyahi,Sahpur Pirthi Patti
Koshi,Supaul,Supaul,Amha
Koshi,Supaul,Supaul,Bairo
Koshi,Supaul,Supaul,Bakaur
Koshi,Supaul,Supaul,Balba
Koshi,Supaul,Supaul,Balha
Koshi,Supaul,Supaul,Baruari
Koshi,Supaul,Supaul,Beena
Koshi,Supaul,Supaul,Chainsinatti
Koshi,Supaul,Supaul,Ghuran
Koshi,Supaul,Supaul,Gopalpur Sire
Koshi,Supaul,Supaul,Hardi West
Koshi,Supaul,Supaul,Karnpur
Koshi,Supaul,Supaul,Laukha
Koshi,Supaul,Supaul,Laurh
Koshi,Supaul,Supaul,Malhni
Koshi,Supaul,Supaul,Parsarma Parsauni
Koshi,Supaul,Supaul,Pipra Khurd
Koshi,Supaul,Supaul,Sukhpur Solhni
Koshi,Supaul,Supaul,Telwa
Koshi,Supaul,Triveniganj,Gonha
Koshi,Supaul,Triveniganj,Guria
Koshi,Supaul,Triveniganj,Karherwa
Koshi,Supaul,Triveniganj,Koriapatti East
Koshi,Supaul,Triveniganj,Latauna South
Koshi,Supaul,Triveniganj,Manganj East
Koshi,Supaul,Triveniganj,Nandana
Koshi,Supaul,Triveniganj,Parsa Garhi North
Koshi,Supaul,Triveniganj,Parsa Garhi South
Koshi,Supaul,Triveniganj,Thalha Gahria North
Tirhut,Vaishali,Bhagwanpur,Asoi Laxiram
Tirhut,Vaishali,Bhagwanpur,Harbanshpur
Tirhut,Vaishali,Bhagwanpur,Jahangirpur Patedha
Tirhut,Vaishali,Bhagwanpur,Majhauli Mahmadpur Buzurg
Tirhut,Vaishali,Bhagwanpur,Prataptand West
Tirhut,Vaishali,Bhagwanpur,Shambhupur Mahodat
Tirhut,Vaishali,Bidupur,Bajitpur Saidad
Tirhut,Vaishali,Bidupur,Daudnagar
Tirhut,Vaishali,Bidupur,Kutubpur
Tirhut,Vaishali,Bidupur,Majilispur
Tirhut,Vaishali,Bidupur,Nawanagar
Tirhut,Vaishali,Bidupur,Rajasan
Tirhut,Vaishali,Bidupur,Saidpur Ganesh
Tirhut,Vaishali,Bidupur,Sitalpur Kamalpur
Tirhut,Vaishali,Burmu/Jandaha,Khopi
Tirhut,Vaishali,Burmu/Jandaha,Laxmipur Barbatta
Tirhut,Vaishali,Chehra kalan,Khajechand Chhapra
Tirhut,Vaishali,Desri,Desri
Tirhut,Vaishali,Goraul,Rasalpur Turki
Tirhut,Vaishali,Goraul,Rasulpur Korigawan
Tirhut,Vaishali,Hajipur,Andhrawara
Tirhut,Vaishali,Hajipur,Bishunpur Baladhari
Tirhut,Vaishali,Hajipur,Bishunpur Basand
Tirhut,Vaishali,Hajipur,Chakunda Urf Milki
Tirhut,Vaishali,Hajipur,Hilalpur
Tirhut,Vaishali,Hajipur,Sahdullahpur Satan
Tirhut,Vaishali,Lalganj,Gurmiya
Tirhut,Vaishali,Lalganj,Jalalpur
Tirhut,Vaishali,Lalganj,Sahdullahpur
Tirhut,Vaishali,Lalganj,Sarariya
Tirhut,Vaishali,Lalganj,Shital Bhakurahar
Tirhut,Vaishali,Mahnar,Alipur Hatta
Tirhut,Vaishali,Mahnar,Basudeopur Chandel
Tirhut,Vaishali,Mahnar,Chamarhara
Tirhut,Vaishali,Mahnar,Dedhpura
Tirhut,Vaishali,Mahnar,Hasanpur North
Tirhut,Vaishali,Mahnar,Mahammadpur
Tirhut,Vaishali,Mahnar,Mahindwara
Tirhut,Vaishali,Mahua,Bishunpur Hiraram
Tirhut,Vaishali,Mahua,Gauspur Chakmajahid
Tirhut,Vaishali,Mahua,Hasanpur Osti
Tirhut,Vaishali,Mahua,Kanhauli Bishanparsi
Tirhut,Vaishali,Mahua,Kanhauli Dhanraj
Tirhut,Vaishali,Patepur,Chandpur Fateh
Tirhut,Vaishali,Patepur,Dedhua
Tirhut,Vaishali,Patepur,Ladho
Tirhut,Vaishali,Patepur,Mudah Buzurg
Tirhut,Vaishali,Raghopur,Bahrampur
Tirhut,Vaishali,Raghopur,Birpur
Tirhut,Vaishali,Raghopur,Chaksingar
Tirhut,Vaishali,Raghopur,Chandpura
Tirhut,Vaishali,Raghopur,Fatehpur
Tirhut,Vaishali,Raghopur,Jahangirpur
Tirhut,Vaishali,Raghopur,Jurawanpur Barari
Tirhut,Vaishali,Raghopur,Jurawanpur Karari
Tirhut,Vaishali,Raghopur,Mallikpur
Tirhut,Vaishali,Raghopur,Mohanpur
Tirhut,Vaishali,Raghopur,Paharpur East
Tirhut,Vaishali,Raghopur,Paharpur West
Tirhut,Vaishali,Raghopur,Raghopur East
Tirhut,Vaishali,Raghopur,Raghopur West
Tirhut,Vaishali,Raghopur,Rampur Shyamchand
Tirhut,Vaishali,Raghopur,Rustampur
Tirhut,Vaishali,Raghopur,Saidabad
Tirhut,Vaishali,Raghopur,Saraipur Urf Diwantok
Tirhut,Vaishali,Raghopur,Terasiya
Tirhut,Vaishali,Raghopur,Zafarabad Tok
Tirhut,Vaishali,Sahdei Buzurg,Chakfaij
Tirhut,Vaishali,Sahdei Buzurg,Salha
Tirhut,Vaishali,Sahdei Buzurg,Sultanpur
Tirhut,Vaishali,Vaishali,Chintamanipur
Tirhut,Vaishali,Vaishali,Mahmadpur
Tirhut,Vaishali,Vaishali,Mataiya
Tirhut,Pashchim Champaran,Bairia,Patjirwa (North)
Tirhut,Pashchim Champaran,Bairia,Miyapur
Tirhut,Pashchim Champaran,Bairia,Suryapur
Tirhut,Pashchim Champaran,Bairia,Fuliakhand
Tirhut,Pashchim Champaran,Bhitha,Semarwari
Tirhut,Pashchim Champaran,Bhitha,Prasauna
Tirhut,Pashchim Champaran,Bhitha,Manpur
Tirhut,Pashchim Champaran,Bhitha,Chilawania
Tirhut,Pashchim Champaran,Chanpatia,Musahari Senuaria
Tirhut,Pashchim Champaran,Chanpatia,Turahapatti (East)
Tirhut,Pashchim Champaran,Chanpatia,Turahapatti (West)
Tirhut,Pashchim Champaran,Chanpatia,Mahna Kuli
Tirhut,Pashchim Champaran,Gaunaha,Mahui
Tirhut,Pashchim Champaran,Gaunaha,Matiarawa
Tirhut,Pashchim Champaran,Gaunaha,Siththi
Tirhut,Pashchim Champaran,Gaunaha,Rupauliua
Tirhut,Pashchim Champaran,Gaunaha,Domath
Tirhut,Pashchim Champaran,Gaunaha,Dhamaura
Tirhut,Pashchim Champaran,Gaunaha,Dhanauji
Tirhut,Pashchim Champaran,Gaunaha,Bhitiharawa
Tirhut,Pashchim Champaran,Jogapatti,Donawar
Tirhut,Pashchim Champaran,Jogapatti,Piparahiya
Tirhut,Pashchim Champaran,Jogapatti,Dhadhwa
Tirhut,Pashchim Champaran,Jogapatti,Pipara Naurangia
Tirhut,Pashchim Champaran,Lauriya,Basawaria
Tirhut,Pashchim Champaran,Mainatand,Chauhatta
Tirhut,Pashchim Champaran,Mainatand,Bhangaha
Tirhut,Pashchim Champaran,Mainatand,Inarawa
Tirhut,Pashchim Champaran,Mainatand,Mahuawa Sangraua
Tirhut,Pashchim Champaran,Mainatand,Tola Chaparia
Tirhut,Pashchim Champaran,Majhaulia,Ba A
Tirhut,Pashchim Champaran,Majhaulia,Rajabhar
Tirhut,Pashchim Champaran,Majhaulia,Ramnagar Bankat
Tirhut,Pashchim Champaran,Majhaulia,Senuaria
Tirhut,Pashchim Champaran,Narkatiaganj,Shikarpur
Tirhut,Pashchim Champaran,Narkatiaganj,Manwa Parsi
Tirhut,Pashchim Champaran,Narkatiaganj,Nautanwa
Tirhut,Pashchim Champaran,Narkatiaganj,Purnia Harsari
Tirhut,Pashchim Champaran,Narkatiaganj,Rajpur Tumkaria
Tirhut,Pashchim Champaran,Narkatiaganj,Kundilpur
Tirhut,Pashchim Champaran,Nautan,Bardaha
Tirhut,Pashchim Champaran,Nautan,Jamunia
Tirhut,Pashchim Champaran,Nautan,Telahua (South)
Tirhut,Pashchim Champaran,Piprasi,Semara Labedahan
Tirhut,Pashchim Champaran,Piprasi,Piparasi
Tirhut,Pashchim Champaran,Piprasi,Saurahan
Tirhut,Pashchim Champaran,Piprasi,Balua
Tirhut,Pashchim Champaran,Piprasi,Dumri Muradih
Tirhut,Pashchim Champaran,Piprasi,Dumri Bhagerawa
Tirhut,Pashchim Champaran,Ramnagar,Naurangia Done
Tirhut,Pashchim Champaran,Ramnagar,Bankatwa Karamahia
Tirhut,Pashchim Champaran,Ramnagar,Bagahi
Tirhut,Pashchim Champaran,Ramnagar,Manchangwa
Tirhut,Pashchim Champaran,Ramnagar,Parsauni
Tirhut,Pashchim Champaran,Ramnagar,Mathia
Tirhut,Pashchim Champaran,Ramnagar,Sohasa
Tirhut,Pashchim Champaran,Bagaha-2,Belahawa Madanpur
Tirhut,Pashchim Champaran,Bagaha-2,Semra Kathakuia
Tirhut,Pashchim Champaran,Bagaha-2,Jimari Nautanawa
Tirhut,Pashchim Champaran,Bagaha-2,Dholbajwa Laxmipur
Tirhut,Pashchim Champaran,Bagaha-2,Bairagi Sonabarasa
Tirhut,Pashchim Champaran,Bagaha-2,Pakwalia Marjadpur
Tirhut,Pashchim Champaran,Sikta,Jagannathpur
Tirhut,Pashchim Champaran,Thakrahan,Sri Nagar
Tirhut,Pashchim Champaran,Thakrahan,Koirpatti
Tirhut,Pashchim Champaran,Thakrahan,Motipur
Saran,Siwan,Mairwa,Mairwa Nagar Panchayat
Saran,Siwan,Andar,Andar Nagar Panchayat
Darbhanga,Samastipur,Patori,Patori Nagar Parishad
Munger,Khargaria,Alauli,Alauli Nagar Panchayat
Munger,Khargaria,Mansi,Mansi Nagar Panchayat
Patna,Nalanda,Silao,Nalanda Nagar Panchayat
Munger,Lakhisarai,Surajgarha,Gopalpur Nagar Panchayat
Magadh,Nawada,Rajauli,Rajauli Nagar Parishad
Patna,Bhojpur,Garhani,Garhani Nagar Panchayat
Koshi,Saharsa,Kahara/Kahra,Bangaon Nagar Panchayat
Purnia,Araria,Araria,Jogbani Nagar Parishad
Purnia,Araria,Narpatganj,Narpatganj Nagar Panchayat
Bhagalpur,Bhagalpur,Naugachhia,Naugachhia Nagar Parishad
Saran,Saran,Chapra Sadar,Chapra Nagar Nigam
Purnia,Katihar,Katihar,Katihar Nagar Nigam
Purnia,Katihar,Kohra/Korha,Kohra/Korha Nagar Panchayat
Magadh,Gaya,Khizirsarai,Khizirsarai Nagar Panchayat
Magadh,Gaya,Sherghati,Sherghati Nagar Paridshad
Magadh,Gaya,Imamganj,Imamganj Nagar Panchayat
Patna,Rohtas,Karakat,Karakat Nagar Panchayat
Patna,Rohtas,Rohtas,Rohtas Nagar Panchayat
Patna,Patna,Danapur,Khagaul Nagar Parishad
Patna,Patna,Danapur,Khagaul Nagar Parishad
Patna,Patna,Barh,Barh Nagar Parishad
Darbhanga,Madhubani,Bisfi,Balha
Bhagalpur,Banka,Bounsi,Bounsi Nagar Panchayat
Tirhut,Pashchim Champaran,Bettiah,Baaravat Sena
Tirhut,Pashchim Champaran,Bettiah,Purvi Kargahiya
